{"K": [2, 3, 4], "Theta": [[10.791150554666995, -1.1315879618400904, 10.79085217003106, -1.1312246984539351], [10.83021874796988, -1.1661710605416946, 10.018070452676104, -0.2774958528025986, 10.558032580649675, -1.060745502133636], [10.80278078202419, -1.1364043790794585, 10.554514685089284, -1.0621169896043192, 10.802780782024177, -1.1364043790794451, 10.80278078202421, -1.1364043790794678]], "Pi": [[0.8579536419098353, 0.14204635809016475], [0.8387589095784415, 0.1043267464261203, 0.05691434399543811], [0.6120940882141551, 0.0525071679243085, 4.763137620869943e-47, 0.33539874386153623]], "Log Likelihood": [-3891.8907820050163, -3875.263908962059, -3874.1064325995003], "BIC": [7832.056694976221, 7827.768027470019, 7854.418153324615]}