{"K": [2, 3, 4], "Theta": [[10.791131119767474, -1.1315623237584214, 10.772150575084774, -1.110792672808788], [10.018071302961362, -0.27749672922945867, 10.830218811245771, -1.1661711233595695, 10.558032675697412, -1.0607454341533322], [10.01805460984346, -0.2774795350117455, 10.830216800970664, -1.1661690136182867, 10.558027405332009, -1.060748319782561, 10.558027405325879, -1.0607483197784104]], "Pi": [[0.9987590950619446, 0.0012409049380552575], [0.10432698650006716, 0.8387585317736745, 0.05691448172625824], [0.1043222912364229, 0.8387703007090809, 0.05690296740893578, 4.4406455602969846e-06]], "Log Likelihood": [-3891.890663627103, -3875.263921846779, -3875.263172042954], "BIC": [7832.056458220394, 7827.768053239459, 7856.731632211522]}