{"K": [2, 3, 4], "Log Likelihood": [84091.47311465573, 84495.5806938862, 84690.18155376073], "BIC": [-168134.67109834528, -168913.92117822648, -169274.15781939586]}