{"K": [2, 3, 4], "Theta": [[[0.0, 0.0], [3241.5981838338757, -343.1489539465973]], [[0.0, 0.0], [3241.5981838338757, -343.1489539465973], [0.0, 0.0]], [[3241.5981838338757, -343.1489539465973], [0.0, 0.0], [0.0, 0.0], [0.0, 0.0]]], "Pi": [[1e-10, 0.9999999999], [9.999999999e-11, 0.9999999998, 9.999999999e-11], [0.9999999997, 9.999999998e-11, 9.999999998e-11, 9.999999998e-11]], "Log Likelihood": [-1120651.8409364913, -1109838.7449205292, -1103513.4892348282], "BIC": [2241351.9570039487, 2219754.7300506043, 2207133.183757782]}